-- 1. ตารางพนักงาน (Employee)
INSERT INTO Employee (EmployeeID, EmployeeName, Position, EmTelephone) VALUES
('EMP001', 'สมชาย ใจดี', 'Manager', '0811111111'), ('EMP002', 'สมหญิง รักงาน', 'Staff', '0811111112'),
('EMP003', 'มานะ อดทน', 'Staff', '0811111113'), ('EMP004', 'ปิติ ยินดี', 'Admin', '0811111114'),
('EMP005', 'วีระ กล้าหาญ', 'Staff', '0811111115'), ('EMP006', 'ชูใจ งามตา', 'Admin', '0811111116'),
('EMP007', 'ดนัย นามสว่าง', 'Manager', '0811111117'), ('EMP008', 'นารี ศรีสวย', 'Staff', '0811111118'),
('EMP009', 'ธนา ดีเลิศ', 'Staff', '0811111119'), ('EMP010', 'กานดา พารวย', 'Staff', '0811111120'),
('EMP011', 'วิชาญ ชาญกิจ', 'Admin', '0811111121'), ('EMP012', 'สุชาดา พาสุข', 'Staff', '0811111122'),
('EMP013', 'อรรถพล พลเยี่ยม', 'Staff', '0811111123'), ('EMP014', 'พิมพ์ใจ ใสสะอาด', 'Staff', '0811111124'),
('EMP015', 'ภานุวัช วัฒนา', 'Manager', '0811111125'), ('EMP016', 'รัตนา นาดิน', 'Staff', '0811111126'),
('EMP017', 'โกศล มงคล', 'Staff', '0811111127'), ('EMP018', 'มณี มีทรัพย์', 'Admin', '0811111128'),
('EMP019', 'ชาตรี ศรีเมือง', 'Staff', '0811111129'), ('EMP020', 'นพดล พลเดช', 'Staff', '0811111130');

-- 2. ตารางบัญชีผู้ใช้งาน (UserAccount) - ให้พาสเวิร์ดสมมติคือ 123456
INSERT INTO UserAccount (AccountID, Username, Password, Role) VALUES
('USR001', 'shop_a', '123456', 'Tenant'), ('USR002', 'shop_b', '123456', 'Tenant'),
('USR003', 'shop_c', '123456', 'Tenant'), ('USR004', 'shop_d', '123456', 'Tenant'),
('USR005', 'shop_e', '123456', 'Tenant'), ('USR006', 'shop_f', '123456', 'Tenant'),
('USR007', 'shop_g', '123456', 'Tenant'), ('USR008', 'shop_h', '123456', 'Tenant'),
('USR009', 'shop_i', '123456', 'Tenant'), ('USR010', 'shop_j', '123456', 'Tenant'),
('USR011', 'shop_k', '123456', 'Tenant'), ('USR012', 'shop_l', '123456', 'Tenant'),
('USR013', 'shop_m', '123456', 'Tenant'), ('USR014', 'shop_n', '123456', 'Tenant'),
('USR015', 'shop_o', '123456', 'Tenant'), ('USR016', 'shop_p', '123456', 'Tenant'),
('USR017', 'shop_q', '123456', 'Tenant'), ('USR018', 'shop_r', '123456', 'Tenant'),
('USR019', 'shop_s', '123456', 'Tenant'), ('USR020', 'shop_t', '123456', 'Tenant');

-- 3. ตารางพื้นที่เช่า (RentalSpace)
INSERT INTO RentalSpace (SpaceID, Floor, Location, Size) VALUES
('SPC001', 1, 'Zone A', 50.00), ('SPC002', 1, 'Zone A', 45.00),
('SPC003', 1, 'Zone B', 60.00), ('SPC004', 1, 'Zone B', 55.00),
('SPC005', 2, 'Zone C', 40.00), ('SPC006', 2, 'Zone C', 40.00),
('SPC007', 2, 'Zone D', 70.00), ('SPC008', 2, 'Zone D', 65.00),
('SPC009', 3, 'Zone E', 30.00), ('SPC010', 3, 'Zone E', 35.00),
('SPC011', 3, 'Zone F', 80.00), ('SPC012', 3, 'Zone F', 85.00),
('SPC013', 4, 'Food Court', 20.00), ('SPC014', 4, 'Food Court', 25.00),
('SPC015', 4, 'Food Court', 20.00), ('SPC016', 4, 'Restaurant', 100.00),
('SPC017', 5, 'Cinema Zone', 150.00), ('SPC018', 5, 'Arcade', 120.00),
('SPC019', 1, 'Main Event', 200.00), ('SPC020', 2, 'Promenade', 50.00);

-- 4. ตารางสินค้า (Product)
INSERT INTO Product (ProductID, ProductName, ProductPrice, ProductDescription) VALUES
('PRD001', 'เสื้อยืด', 199.00, 'เสื้อยืดผ้าคอตตอน'), ('PRD002', 'กางเกงยีนส์', 599.00, 'กางเกงยีนส์ทรงกระบอก'),
('PRD003', 'รองเท้าผ้าใบ', 1200.00, 'รองเท้าผ้าใบใส่สบาย'), ('PRD004', 'กระเป๋าสะพาย', 850.00, 'กระเป๋าหนังเทียม'),
('PRD005', 'นาฬิกาข้อมือ', 2500.00, 'นาฬิกากันน้ำ'), ('PRD006', 'หมวกแก๊ป', 150.00, 'หมวกกันแดด'),
('PRD007', 'แว่นตากันแดด', 399.00, 'แว่นตากรองแสง UV'), ('PRD008', 'สมาร์ทโฟน', 15000.00, 'สมาร์ทโฟนรุ่นใหม่'),
('PRD009', 'หูฟังไร้สาย', 1290.00, 'หูฟังบลูทูธ'), ('PRD010', 'พาวเวอร์แบงค์', 590.00, 'ความจุ 10000mAh'),
('PRD011', 'เคสมือถือ', 120.00, 'เคสใสกันกระแทก'), ('PRD012', 'สายชาร์จ', 150.00, 'สายชาร์จเร็ว Type-C'),
('PRD013', 'โน้ตบุ๊ก', 25000.00, 'สำหรับทำงานและเล่นเกม'), ('PRD014', 'เมาส์ไร้สาย', 450.00, 'เมาส์เกมมิ่ง'),
('PRD015', 'คีย์บอร์ด', 890.00, 'คีย์บอร์ดแบบ Mechanical'), ('PRD016', 'ชาไข่มุก', 50.00, 'ชาไต้หวันไข่มุก'),
('PRD017', 'กาแฟเย็น', 60.00, 'อเมริกาโน่เย็น'), ('PRD018', 'เค้กช็อกโกแลต', 120.00, 'เค้กเนื้อนุ่ม'),
('PRD019', 'หนังสือเรียน', 250.00, 'หนังสือวิชาฐานข้อมูล'), ('PRD020', 'ปากกาลูกลื่น', 15.00, 'หมึกสีน้ำเงิน');

-- 5. ตารางหมวดหมู่สินค้า (Category)
INSERT INTO Category (CategoryID, CategoryName) VALUES
('CAT001', 'เสื้อผ้าบุรุษ'), ('CAT002', 'เสื้อผ้าสตรี'), ('CAT003', 'รองเท้า'), ('CAT004', 'กระเป๋า'),
('CAT005', 'เครื่องประดับ'), ('CAT006', 'อิเล็กทรอนิกส์'), ('CAT007', 'มือถือและอุปกรณ์เสริม'),
('CAT008', 'คอมพิวเตอร์'), ('CAT009', 'อาหารและเครื่องดื่ม'), ('CAT010', 'เบเกอรี่'),
('CAT011', 'เครื่องเขียน'), ('CAT012', 'หนังสือ'), ('CAT013', 'ของใช้ในบ้าน'), ('CAT014', 'เครื่องใช้ไฟฟ้า'),
('CAT015', 'อุปกรณ์กีฬา'), ('CAT016', 'เครื่องสำอาง'), ('CAT017', 'ของเล่น'), ('CAT018', 'เฟอร์นิเจอร์'),
('CAT019', 'ของตกแต่ง'), ('CAT020', 'สินค้าสุขภาพ');

-- 6. ตารางผู้จัดจำหน่าย (Supplier)
INSERT INTO Supplier (SupplierID, SupplierName, SupplierContactInfo) VALUES
('SUP001', 'ซัพพลายเออร์ A', '021111111'), ('SUP002', 'ซัพพลายเออร์ B', '021111112'),
('SUP003', 'บจก. เสื้อผ้าไทย', '021111113'), ('SUP004', 'บจก. ไอทีพาร์ท', '021111114'),
('SUP005', 'หจก. ของกินอร่อย', '021111115'), ('SUP006', 'ซัพพลายเออร์ C', '021111116'),
('SUP007', 'ซัพพลายเออร์ D', '021111117'), ('SUP008', 'บจก. หนังสือดี', '021111118'),
('SUP009', 'บจก. เครื่องเขียนไทย', '021111119'), ('SUP010', 'หจก. กีฬาสากล', '021111120'),
('SUP011', 'ซัพพลายเออร์ E', '021111121'), ('SUP012', 'ซัพพลายเออร์ F', '021111122'),
('SUP013', 'ซัพพลายเออร์ G', '021111123'), ('SUP014', 'ซัพพลายเออร์ H', '021111124'),
('SUP015', 'ซัพพลายเออร์ I', '021111125'), ('SUP016', 'ซัพพลายเออร์ J', '021111126'),
('SUP017', 'ซัพพลายเออร์ K', '021111127'), ('SUP018', 'ซัพพลายเออร์ L', '021111128'),
('SUP019', 'ซัพพลายเออร์ M', '021111129'), ('SUP020', 'ซัพพลายเออร์ N', '021111130');

-- 7. ตารางคลังสินค้า (Warehouse)
INSERT INTO Warehouse (WarehouseID, WarehouseQuantity, LastUpdate) VALUES
('WH0001', 500, '2023-10-01 10:00:00'), ('WH0002', 450, '2023-10-01 10:30:00'),
('WH0003', 300, '2023-10-01 11:00:00'), ('WH0004', 600, '2023-10-01 11:30:00'),
('WH0005', 200, '2023-10-02 09:00:00'), ('WH0006', 150, '2023-10-02 09:30:00'),
('WH0007', 800, '2023-10-02 10:00:00'), ('WH0008', 750, '2023-10-02 10:30:00'),
('WH0009', 100, '2023-10-03 14:00:00'), ('WH0010', 50, '2023-10-03 14:30:00'),
('WH0011', 400, '2023-10-04 15:00:00'), ('WH0012', 350, '2023-10-04 15:30:00'),
('WH0013', 900, '2023-10-05 16:00:00'), ('WH0014', 850, '2023-10-05 16:30:00'),
('WH0015', 250, '2023-10-06 17:00:00'), ('WH0016', 550, '2023-10-06 17:30:00'),
('WH0017', 650, '2023-10-07 18:00:00'), ('WH0018', 700, '2023-10-07 18:30:00'),
('WH0019', 950, '2023-10-08 19:00:00'), ('WH0020', 1000, '2023-10-08 19:30:00');

-- 8. ตารางผู้เช่าร้านค้า (Tenant) - ผูกกับ USR001 ถึง USR020
INSERT INTO Tenant (TenantID, TenantName, TenantCategory, TenantContactInfo, AccountID) VALUES
('TNT001', 'ร้านเสื้อผ้าแฟชั่น', 'Fashion', '0891111111', 'USR001'), ('TNT002', 'ร้านรองเท้าสวย', 'Fashion', '0891111112', 'USR002'),
('TNT003', 'ไอที ซิตี้', 'IT', '0891111113', 'USR003'), ('TNT004', 'โมบายช็อป', 'IT', '0891111114', 'USR004'),
('TNT005', 'ร้านหนังสืออ่านเล่น', 'Book', '0891111115', 'USR005'), ('TNT006', 'คาเฟ่ มินิมอล', 'Food', '0891111116', 'USR006'),
('TNT007', 'ร้านเบเกอรี่หอมกรุ่น', 'Food', '0891111117', 'USR007'), ('TNT008', 'ร้านเครื่องเขียนเด็กดี', 'Stationery', '0891111118', 'USR008'),
('TNT009', 'สปอร์ต เวิลด์', 'Sport', '0891111119', 'USR009'), ('TNT010', 'บิวตี้ บัฟเฟต์', 'Cosmetic', '0891111120', 'USR010'),
('TNT011', 'ร้านของเล่นหรรษา', 'Toy', '0891111121', 'USR011'), ('TNT012', 'เฟอร์นิเจอร์ เฮาส์', 'Furniture', '0891111122', 'USR012'),
('TNT013', 'ร้านขายยา', 'Health', '0891111123', 'USR013'), ('TNT014', 'คลินิกความงาม', 'Health', '0891111124', 'USR014'),
('TNT015', 'ซุปเปอร์มาร์เก็ต', 'Grocery', '0891111125', 'USR015'), ('TNT016', 'ร้านแว่นตา', 'Fashion', '0891111126', 'USR016'),
('TNT017', 'ร้านนาฬิกา', 'Fashion', '0891111127', 'USR017'), ('TNT018', 'ร้านกิฟท์ช็อป', 'Gift', '0891111128', 'USR018'),
('TNT019', 'ร้านอาหารญี่ปุ่น', 'Food', '0891111129', 'USR019'), ('TNT020', 'ร้านสเต็ก', 'Food', '0891111130', 'USR020');

-- 9. ตารางสัญญาเช่า (LeaseContract) - ผูก Tenant กับ Space
INSERT INTO LeaseContract (ContractID, StartDateLease, EndDateLease, TenantID, SpaceID) VALUES
('LSC001', '2023-01-01', '2024-12-31', 'TNT001', 'SPC001'), ('LSC002', '2023-02-01', '2024-01-31', 'TNT002', 'SPC002'),
('LSC003', '2023-03-01', '2025-02-28', 'TNT003', 'SPC003'), ('LSC004', '2023-04-01', '2024-03-31', 'TNT004', 'SPC004'),
('LSC005', '2023-05-01', '2024-04-30', 'TNT005', 'SPC005'), ('LSC006', '2023-06-01', '2025-05-31', 'TNT006', 'SPC006'),
('LSC007', '2023-07-01', '2024-06-30', 'TNT007', 'SPC007'), ('LSC008', '2023-08-01', '2024-07-31', 'TNT008', 'SPC008'),
('LSC009', '2023-09-01', '2025-08-31', 'TNT009', 'SPC009'), ('LSC010', '2023-10-01', '2024-09-30', 'TNT010', 'SPC010'),
('LSC011', '2023-11-01', '2024-10-31', 'TNT011', 'SPC011'), ('LSC012', '2023-12-01', '2025-11-30', 'TNT012', 'SPC012'),
('LSC013', '2024-01-01', '2025-12-31', 'TNT013', 'SPC013'), ('LSC014', '2024-02-01', '2025-01-31', 'TNT014', 'SPC014'),
('LSC015', '2024-03-01', '2026-02-28', 'TNT015', 'SPC015'), ('LSC016', '2024-04-01', '2025-03-31', 'TNT016', 'SPC016'),
('LSC017', '2024-05-01', '2025-04-30', 'TNT017', 'SPC017'), ('LSC018', '2024-06-01', '2026-05-31', 'TNT018', 'SPC018'),
('LSC019', '2024-07-01', '2025-06-30', 'TNT019', 'SPC019'), ('LSC020', '2024-08-01', '2025-07-31', 'TNT020', 'SPC020');

-- 10. ตารางใบแจ้งหนี้ (Invoice)
INSERT INTO Invoice (InvoiceID, InvoiceDate, Amount, Status, ContractID) VALUES
('INV00001', '2023-01-05', '15000.00', 'Paid', 'LSC001'), ('INV00002', '2023-02-05', '14000.00', 'Paid', 'LSC002'),
('INV00003', '2023-03-05', '18000.00', 'Paid', 'LSC003'), ('INV00004', '2023-04-05', '16500.00', 'Paid', 'LSC004'),
('INV00005', '2023-05-05', '12000.00', 'Unpaid', 'LSC005'), ('INV00006', '2023-06-05', '12000.00', 'Paid', 'LSC006'),
('INV00007', '2023-07-05', '21000.00', 'Paid', 'LSC007'), ('INV00008', '2023-08-05', '19500.00', 'Unpaid', 'LSC008'),
('INV00009', '2023-09-05', '9000.00', 'Paid', 'LSC009'), ('INV00010', '2023-10-05', '10500.00', 'Paid', 'LSC010'),
('INV00011', '2023-11-05', '24000.00', 'Paid', 'LSC011'), ('INV00012', '2023-12-05', '25500.00', 'Unpaid', 'LSC012'),
('INV00013', '2024-01-05', '6000.00', 'Paid', 'LSC013'), ('INV00014', '2024-02-05', '7500.00', 'Paid', 'LSC014'),
('INV00015', '2024-03-05', '6000.00', 'Unpaid', 'LSC015'), ('INV00016', '2024-04-05', '30000.00', 'Paid', 'LSC016'),
('INV00017', '2024-05-05', '45000.00', 'Paid', 'LSC017'), ('INV00018', '2024-06-05', '36000.00', 'Unpaid', 'LSC018'),
('INV00019', '2024-07-05', '60000.00', 'Paid', 'LSC019'), ('INV00020', '2024-08-05', '15000.00', 'Paid', 'LSC020');

-- 11. ตารางโปรโมชัน (Promotion)
INSERT INTO Promotion (PromotionID, PromotionName, Discount, StartDatePromotion, EndDatePromotion, TenantID) VALUES
('PRO001', 'Sale 10%', 10.00, '2023-10-01', '2023-10-31', 'TNT001'), ('PRO002', 'Mid Year 20%', 20.00, '2023-06-01', '2023-06-30', 'TNT002'),
('PRO003', 'End Year 30%', 30.00, '2023-12-01', '2023-12-31', 'TNT003'), ('PRO004', 'Flash Sale', 50.00, '2023-11-11', '2023-11-11', 'TNT004'),
('PRO005', 'Member 5%', 5.00, '2023-01-01', '2023-12-31', 'TNT005'), ('PRO006', 'New Year Gift', 15.00, '2024-01-01', '2024-01-31', 'TNT006'),
('PRO007', 'Summer Sale', 25.00, '2024-04-01', '2024-04-30', 'TNT007'), ('PRO008', 'Back to School', 10.00, '2024-05-01', '2024-05-31', 'TNT008'),
('PRO009', 'Sport Day', 20.00, '2024-08-01', '2024-08-31', 'TNT009'), ('PRO010', 'Beauty Week', 15.00, '2024-02-01', '2024-02-14', 'TNT010'),
('PRO011', 'Toy Expo', 10.00, '2024-09-01', '2024-09-30', 'TNT011'), ('PRO012', 'Home Fair', 30.00, '2024-10-01', '2024-10-31', 'TNT012'),
('PRO013', 'Health Care', 5.00, '2024-03-01', '2024-03-31', 'TNT013'), ('PRO014', 'Skin Care', 15.00, '2024-07-01', '2024-07-31', 'TNT014'),
('PRO015', 'Fresh Food', 10.00, '2024-11-01', '2024-11-30', 'TNT015'), ('PRO016', 'Clearance', 50.00, '2024-12-01', '2024-12-31', 'TNT016'),
('PRO017', 'Time Sale', 20.00, '2024-01-15', '2024-01-15', 'TNT017'), ('PRO018', 'Gift Festival', 15.00, '2024-02-15', '2024-02-28', 'TNT018'),
('PRO019', 'Japan Fest', 10.00, '2024-05-15', '2024-05-31', 'TNT019'), ('PRO020', 'Meat Lover', 20.00, '2024-06-15', '2024-06-30', 'TNT020');

-- 12. ตารางการขาย (Sale)
INSERT INTO Sale (SalesID, SalesDate, Quantity, TenantID, ProductID) VALUES
('SAL001', '2023-10-05 10:00:00', 2, 'TNT001', 'PRD001'), ('SAL002', '2023-10-05 11:30:00', 1, 'TNT002', 'PRD002'),
('SAL003', '2023-10-06 12:15:00', 1, 'TNT003', 'PRD008'), ('SAL004', '2023-10-06 14:00:00', 3, 'TNT004', 'PRD011'),
('SAL005', '2023-10-07 15:45:00', 5, 'TNT005', 'PRD019'), ('SAL006', '2023-10-07 16:20:00', 2, 'TNT006', 'PRD017'),
('SAL007', '2023-10-08 09:10:00', 10, 'TNT007', 'PRD018'), ('SAL008', '2023-10-08 10:30:00', 4, 'TNT008', 'PRD020'),
('SAL009', '2023-10-09 11:00:00', 1, 'TNT003', 'PRD013'), ('SAL010', '2023-10-09 13:45:00', 2, 'TNT004', 'PRD012'),
('SAL011', '2023-10-10 14:20:00', 1, 'TNT001', 'PRD006'), ('SAL012', '2023-10-10 15:00:00', 1, 'TNT001', 'PRD007'),
('SAL013', '2023-10-11 16:30:00', 3, 'TNT006', 'PRD016'), ('SAL014', '2023-10-11 17:15:00', 1, 'TNT003', 'PRD009'),
('SAL015', '2023-10-12 18:00:00', 2, 'TNT004', 'PRD010'), ('SAL016', '2023-10-12 19:30:00', 1, 'TNT003', 'PRD015'),
('SAL017', '2023-10-13 10:45:00', 1, 'TNT002', 'PRD003'), ('SAL018', '2023-10-13 12:20:00', 1, 'TNT001', 'PRD004'),
('SAL019', '2023-10-14 14:10:00', 1, 'TNT003', 'PRD014'), ('SAL020', '2023-10-14 15:50:00', 1, 'TNT002', 'PRD005');

-- 13. ตารางรายงาน (Report)
INSERT INTO Report (ReportID, ReportName, ReportDate, EmployeeID) VALUES
('REP001', 'ยอดขายประจำเดือน ม.ค.', '2023-01-31', 'EMP001'), ('REP002', 'ยอดขายประจำเดือน ก.พ.', '2023-02-28', 'EMP001'),
('REP003', 'ยอดขายประจำเดือน มี.ค.', '2023-03-31', 'EMP001'), ('REP004', 'ยอดขายประจำเดือน เม.ย.', '2023-04-30', 'EMP001'),
('REP005', 'สรุปพื้นที่เช่า ไตรมาส 1', '2023-03-31', 'EMP007'), ('REP006', 'สรุปพื้นที่เช่า ไตรมาส 2', '2023-06-30', 'EMP007'),
('REP007', 'รายงานพนักงานประจำปี', '2023-12-31', 'EMP015'), ('REP008', 'ยอดขายประจำเดือน พ.ค.', '2023-05-31', 'EMP001'),
('REP009', 'ยอดขายประจำเดือน มิ.ย.', '2023-06-30', 'EMP001'), ('REP010', 'ยอดขายประจำเดือน ก.ค.', '2023-07-31', 'EMP001'),
('REP011', 'ยอดขายประจำเดือน ส.ค.', '2023-08-31', 'EMP001'), ('REP012', 'สรุปพื้นที่เช่า ไตรมาส 3', '2023-09-30', 'EMP007'),
('REP013', 'สรุปพื้นที่เช่า ไตรมาส 4', '2023-12-31', 'EMP007'), ('REP014', 'ยอดขายประจำเดือน ก.ย.', '2023-09-30', 'EMP001'),
('REP015', 'ยอดขายประจำเดือน ต.ค.', '2023-10-31', 'EMP001'), ('REP016', 'ยอดขายประจำเดือน พ.ย.', '2023-11-30', 'EMP001'),
('REP017', 'ยอดขายประจำเดือน ธ.ค.', '2023-12-31', 'EMP001'), ('REP018', 'รายงานค้างชำระ ม.ค.', '2024-01-31', 'EMP007'),
('REP019', 'รายงานค้างชำระ ก.พ.', '2024-02-29', 'EMP007'), ('REP020', 'รายงานค้างชำระ มี.ค.', '2024-03-31', 'EMP007');

-- 14. ตารางจัดหมวดหมู่สินค้า (Categorize)
INSERT INTO Categorize (ProductID, CategoryID) VALUES
('PRD001', 'CAT001'), ('PRD002', 'CAT001'), ('PRD003', 'CAT003'), ('PRD004', 'CAT004'),
('PRD005', 'CAT005'), ('PRD006', 'CAT001'), ('PRD007', 'CAT005'), ('PRD008', 'CAT007'),
('PRD009', 'CAT006'), ('PRD010', 'CAT007'), ('PRD011', 'CAT007'), ('PRD012', 'CAT007'),
('PRD013', 'CAT008'), ('PRD014', 'CAT008'), ('PRD015', 'CAT008'), ('PRD016', 'CAT009'),
('PRD017', 'CAT009'), ('PRD018', 'CAT010'), ('PRD019', 'CAT012'), ('PRD020', 'CAT011');

-- 15. ตารางแหล่งที่มาสินค้า (Supply)
INSERT INTO Supply (ProductID, SupplierID) VALUES
('PRD001', 'SUP003'), ('PRD002', 'SUP003'), ('PRD003', 'SUP001'), ('PRD004', 'SUP002'),
('PRD005', 'SUP001'), ('PRD006', 'SUP003'), ('PRD007', 'SUP002'), ('PRD008', 'SUP004'),
('PRD009', 'SUP004'), ('PRD010', 'SUP004'), ('PRD011', 'SUP006'), ('PRD012', 'SUP006'),
('PRD013', 'SUP004'), ('PRD014', 'SUP004'), ('PRD015', 'SUP004'), ('PRD016', 'SUP005'),
('PRD017', 'SUP005'), ('PRD018', 'SUP005'), ('PRD019', 'SUP008'), ('PRD020', 'SUP009');

-- 16. ตารางจัดเก็บสินค้าในคลัง (Store)
INSERT INTO Store (ProductID, WarehouseID) VALUES
('PRD001', 'WH0001'), ('PRD002', 'WH0002'), ('PRD003', 'WH0003'), ('PRD004', 'WH0004'),
('PRD005', 'WH0005'), ('PRD006', 'WH0006'), ('PRD007', 'WH0007'), ('PRD008', 'WH0008'),
('PRD009', 'WH0009'), ('PRD010', 'WH0010'), ('PRD011', 'WH0011'), ('PRD012', 'WH0012'),
('PRD013', 'WH0013'), ('PRD014', 'WH0014'), ('PRD015', 'WH0015'), ('PRD016', 'WH0016'),
('PRD017', 'WH0017'), ('PRD018', 'WH0018'), ('PRD019', 'WH0019'), ('PRD020', 'WH0020');

-- 17. ตารางสินค้าร่วมโปรโมชัน (Cheapen)
INSERT INTO Cheapen (ProductID, PromotionID) VALUES
('PRD001', 'PRO001'), ('PRD002', 'PRO002'), ('PRD003', 'PRO003'), ('PRD004', 'PRO004'),
('PRD005', 'PRO005'), ('PRD006', 'PRO006'), ('PRD007', 'PRO007'), ('PRD008', 'PRO008'),
('PRD009', 'PRO009'), ('PRD010', 'PRO010'), ('PRD011', 'PRO011'), ('PRD012', 'PRO012'),
('PRD013', 'PRO013'), ('PRD014', 'PRO014'), ('PRD015', 'PRO015'), ('PRD016', 'PRO016'),
('PRD017', 'PRO017'), ('PRD018', 'PRO018'), ('PRD019', 'PRO019'), ('PRD020', 'PRO020');